ip_address,ip_port,ip_type,ip_time
121.225.24.219,3128,HTTP,2018-03-16 14:31:03
115.223.197.91,9000,HTTP,2018-03-16 13:31:12
121.232.144.154,9000,HTTP,2018-03-16 12:31:11
115.218.120.163,9000,HTTP,2018-03-16 11:31:09
115.223.215.51,9000,HTTP,2018-03-16 10:31:07
117.90.6.196,9000,HTTP,2018-03-16 09:31:00
180.118.128.78,9000,HTTP,2018-03-16 08:31:03
115.210.31.175,9000,HTTP,2018-03-16 07:31:06
115.223.230.197,9000,HTTP,2018-03-16 06:31:01
115.218.123.83,9000,HTTP,2018-03-16 05:30:59
218.95.51.46,9000,HTTP,2018-03-16 04:30:52
111.76.200.122,9000,HTTP,2018-03-16 03:31:17
115.223.219.13,9000,HTTP,2018-03-16 02:31:13
220.176.91.253,9000,HTTP,2018-03-16 01:31:13
115.223.244.43,9000,HTTP,2018-03-16 00:31:09
